<?xml version="1.1" ?>
<settings>
    <!--
        Colors are customizable based on party / alliance position. Use the colortest command to view the available colors.
        If you wish for a color to be unchanged from its normal color, set it to 0.
    -->
    <global>
        <a10>0</a10>
        <a11>0</a11>
        <a12>0</a12>
        <a13>0</a13>
        <a14>0</a14>
        <a15>0</a15>
        <a20>0</a20>
        <a21>0</a21>
        <a22>0</a22>
        <a23>0</a23>
        <a24>0</a24>
        <a25>0</a25>
        <abilcol>0</abilcol>
        <allydmg>0</allydmg>
        <enfeebcol>0</enfeebcol>
        <itemcol>0</itemcol>
        <mob>0</mob>
        <mobdmg>0</mobdmg>
        <mobspellcol>0</mobspellcol>
        <mobwscol>0</mobwscol>
        <mydmg>0</mydmg>
        <other>0</other>
        <otherdmg>0</otherdmg>
        <p0>0</p0>
        <p1>0</p1>
        <p2>0</p2>
        <p3>0</p3>
        <p4>0</p4>
        <p5>0</p5>
        <partydmg>0</partydmg>
        <spellcol>0</spellcol>
        <statuscol>0</statuscol>
        <wscol>0</wscol>
    </global>
</settings>
