<?xml version="1.0" encoding="UTF-8"?><?xml-stylesheet type='text/xsl' href='_UpgradeReport_Files/UpgradeReport.xslt'?><UpgradeLog>
<Properties><Property Name="Solution" Value="FFXI-IconChange">
</Property><Property Name="Solution File" Value="C:\Users\Admin\Desktop\FFXI_Icon_Change_v2_0\Source\FFXI-IconChange 2.0\FFXI-IconChange.sln">
</Property><Property Name="User Options File" Value="C:\Users\Admin\Desktop\FFXI_Icon_Change_v2_0\Source\FFXI-IconChange 2.0\FFXI-IconChange.suo">
</Property><Property Name="Date" Value="Friday, May 18, 2012">
</Property><Property Name="Time" Value="11:54 AM">
</Property><Property Name="Log Number" Value="2">
</Property></Properties><Event ErrorLevel="0" Project="" Source="FFXI-IconChange.sln" Description="File successfully backed up as C:\Users\Admin\Desktop\FFXI_Icon_Change_v2_0\Source\FFXI-IconChange 2.0\Backup1\FFXI-IconChange.sln">
</Event><Event ErrorLevel="0" Project="" Source="FFXI-IconChange.suo" Description="File successfully backed up as C:\Users\Admin\Desktop\FFXI_Icon_Change_v2_0\Source\FFXI-IconChange 2.0\Backup1\FFXI-IconChange.suo">
</Event><Event ErrorLevel="0" Project="FFXI-IconChange" Source="FFXI-IconChange.csproj" Description="Project file successfully backed up as C:\Users\Admin\Desktop\FFXI_Icon_Change_v2_0\Source\FFXI-IconChange 2.0\Backup1\FFXI-IconChange.csproj">
</Event><Event ErrorLevel="0" Project="FFXI-IconChange" Source="FFXI-IconChange.csproj.user" Description="Project user file successfully backed up as C:\Users\Admin\Desktop\FFXI_Icon_Change_v2_0\Source\FFXI-IconChange 2.0\Backup1\FFXI-IconChange.csproj.user">
</Event><Event ErrorLevel="0" Project="FFXI-IconChange" Source="AssemblyInfo.cs" Description="File successfully backed up as C:\Users\Admin\Desktop\FFXI_Icon_Change_v2_0\Source\FFXI-IconChange 2.0\Backup1\AssemblyInfo.cs">
</Event><Event ErrorLevel="0" Project="FFXI-IconChange" Source="FFIcon.cs" Description="File successfully backed up as C:\Users\Admin\Desktop\FFXI_Icon_Change_v2_0\Source\FFXI-IconChange 2.0\Backup1\FFIcon.cs">
</Event><Event ErrorLevel="0" Project="FFXI-IconChange" Source="Form1.cs" Description="File successfully backed up as C:\Users\Admin\Desktop\FFXI_Icon_Change_v2_0\Source\FFXI-IconChange 2.0\Backup1\Form1.cs">
</Event><Event ErrorLevel="0" Project="FFXI-IconChange" Source="ImportIconDialog.cs" Description="File successfully backed up as C:\Users\Admin\Desktop\FFXI_Icon_Change_v2_0\Source\FFXI-IconChange 2.0\Backup1\ImportIconDialog.cs">
</Event><Event ErrorLevel="0" Project="FFXI-IconChange" Source="FFXI-IconChange_TemporaryKey.pfx" Description="File successfully backed up as C:\Users\Admin\Desktop\FFXI_Icon_Change_v2_0\Source\FFXI-IconChange 2.0\Backup1\FFXI-IconChange_TemporaryKey.pfx">
</Event><Event ErrorLevel="0" Project="FFXI-IconChange" Source="App.ico" Description="File successfully backed up as C:\Users\Admin\Desktop\FFXI_Icon_Change_v2_0\Source\FFXI-IconChange 2.0\Backup1\App.ico">
</Event><Event ErrorLevel="0" Project="FFXI-IconChange" Source="Form1.resx" Description="File successfully backed up as C:\Users\Admin\Desktop\FFXI_Icon_Change_v2_0\Source\FFXI-IconChange 2.0\Backup1\Form1.resx">
</Event><Event ErrorLevel="0" Project="FFXI-IconChange" Source="ImportIconDialog.resx" Description="File successfully backed up as C:\Users\Admin\Desktop\FFXI_Icon_Change_v2_0\Source\FFXI-IconChange 2.0\Backup1\ImportIconDialog.resx">
</Event><Event ErrorLevel="1" Project="FFXI-IconChange" Source="FFXI-IconChange.csproj" Description="Your project is targeting .NET Framework 2.0 or 3.0. If your project uses assemblies requiring a newer .NET Framework, your project will fail to build. You can change the .NET Framework version by clicking Properties on the project menu and then selecting a new version in the '.NET Framework' dropdown box. (In Visual Basic, this is located on the Compile tab by clicking the 'Advanced Compiler Options...' button.)">
</Event><Event ErrorLevel="0" Project="FFXI-IconChange" Source="FFXI-IconChange.csproj" Description="Project converted successfully">
</Event><Event ErrorLevel="3" Project="FFXI-IconChange" Source="FFXI-IconChange.csproj" Description="Converted">
</Event><Event ErrorLevel="0" Project="" Source="FFXI-IconChange.sln" Description="Solution converted successfully">
</Event><Event ErrorLevel="3" Project="" Source="FFXI-IconChange.sln" Description="Converted">
</Event><Event ErrorLevel="0" Project="FFXI-IconChange" Source="FFXI-IconChange.csproj" Description="Scan complete: Upgrade not required for project files.">
</Event></UpgradeLog>