<?xml version="1.0" encoding="UTF-8"?><?xml-stylesheet type='text/xsl' href='_UpgradeReport_Files/UpgradeReport.xslt'?><UpgradeLog>
<Properties><Property Name="Solution" Value="FFXI-IconChange">
</Property><Property Name="Solution File" Value="C:\FFXI\FFXI-IconChange\FFXI-IconChange.sln">
</Property><Property Name="User Options File" Value="C:\FFXI\FFXI-IconChange\FFXI-IconChange.suo">
</Property><Property Name="Date" Value="Monday, July 31, 2006">
</Property><Property Name="Time" Value="22:16 PM">
</Property></Properties><Event ErrorLevel="0" Project="" Source="FFXI-IconChange.sln" Description="File successfully backed up as C:\FFXI\FFXI-IconChange\Backup\FFXI-IconChange.sln">
</Event><Event ErrorLevel="0" Project="" Source="FFXI-IconChange.suo" Description="File successfully backed up as C:\FFXI\FFXI-IconChange\Backup\FFXI-IconChange.suo">
</Event><Event ErrorLevel="0" Project="FFXI-IconChange" Source="FFXI-IconChange.csproj" Description="Project file successfully backed up as C:\FFXI\FFXI-IconChange\Backup\FFXI-IconChange.csproj">
</Event><Event ErrorLevel="0" Project="FFXI-IconChange" Source="FFXI-IconChange.csproj.user" Description="Project user file successfully backed up as C:\FFXI\FFXI-IconChange\Backup\FFXI-IconChange.csproj.user">
</Event><Event ErrorLevel="0" Project="FFXI-IconChange" Source="AssemblyInfo.cs" Description="File successfully backed up as C:\FFXI\FFXI-IconChange\Backup\AssemblyInfo.cs">
</Event><Event ErrorLevel="0" Project="FFXI-IconChange" Source="FFIcon.cs" Description="File successfully backed up as C:\FFXI\FFXI-IconChange\Backup\FFIcon.cs">
</Event><Event ErrorLevel="0" Project="FFXI-IconChange" Source="Form1.cs" Description="File successfully backed up as C:\FFXI\FFXI-IconChange\Backup\Form1.cs">
</Event><Event ErrorLevel="0" Project="FFXI-IconChange" Source="ImportIconDialog.cs" Description="File successfully backed up as C:\FFXI\FFXI-IconChange\Backup\ImportIconDialog.cs">
</Event><Event ErrorLevel="0" Project="FFXI-IconChange" Source="App.ico" Description="File successfully backed up as C:\FFXI\FFXI-IconChange\Backup\App.ico">
</Event><Event ErrorLevel="0" Project="FFXI-IconChange" Source="Form1.resx" Description="File successfully backed up as C:\FFXI\FFXI-IconChange\Backup\Form1.resx">
</Event><Event ErrorLevel="0" Project="FFXI-IconChange" Source="ImportIconDialog.resx" Description="File successfully backed up as C:\FFXI\FFXI-IconChange\Backup\ImportIconDialog.resx">
</Event><Event ErrorLevel="0" Project="FFXI-IconChange" Source="FFXI-IconChange.csproj" Description="Project converted successfully">
</Event><Event ErrorLevel="3" Project="FFXI-IconChange" Source="FFXI-IconChange.csproj" Description="Converted">
</Event><Event ErrorLevel="0" Project="" Source="FFXI-IconChange.sln" Description="Solution converted successfully">
</Event><Event ErrorLevel="3" Project="" Source="FFXI-IconChange.sln" Description="Converted">
</Event><Event ErrorLevel="0" Project="FFXI-IconChange" Source="FFXI-IconChange.csproj" Description="Scan complete: Upgrade not required for project files.">
</Event></UpgradeLog>